{
	"credit": "Made with Blockbench",
	"parent": "minecraft:block/stairs",
	"textures": {
		"side": "block/quartz_block_side",
		"bottom": "block/quartz_block_top"
	},
	"elements": [
		{
			"from": [8, 8, 0],
			"to": [16, 16, 16],
			"faces": {
				"north": {"uv": [8, 8, 16, 16], "texture": "#side", "cullface": "north"},
				"east": {"uv": [0, 0, 16, 8], "texture": "#side", "cullface": "east"},
				"south": {"uv": [0, 8, 8, 16], "texture": "#side", "cullface": "south"},
				"west": {"uv": [0, 0, 16, 8], "texture": "#side"},
				"up": {"uv": [0, 0, 16, 8], "rotation": 90, "texture": "#side", "cullface": "up"}
			}
		},
		{
			"from": [0, 0, 0],
			"to": [16, 8, 16],
			"faces": {
				"north": {"uv": [0, 0, 16, 8], "texture": "#side", "cullface": "north"},
				"east": {"uv": [0, 0, 16, 8], "texture": "#side", "cullface": "east"},
				"south": {"uv": [0, 0, 16, 8], "texture": "#side", "cullface": "south"},
				"west": {"uv": [0, 0, 16, 8], "texture": "#side", "cullface": "west"},
				"up": {"uv": [0, 0, 16, 16], "texture": "#bottom"},
				"down": {"uv": [0, 0, 16, 16], "texture": "#bottom", "cullface": "down"}
			}
		}
	]
}